{"cameraMode":{"drawMode":0,"name":"Shaded","section":"Shading Mode"},"sceneLighting":true,"audioPlay":false,"sceneViewState":{"showFog":true,"showMaterialUpdate":false,"showSkybox":true,"showFlares":true,"showImageEffects":true,"showParticleSystems":true},"in2DMode":false,"pivot":{"x":0.8539150953292847,"y":0.5397745370864868,"z":0.2766110897064209},"rotation":{"x":0.14583399891853333,"y":-0.25451868772506716,"z":0.03885900229215622,"w":0.9552299976348877},"size":3.4043025970458986,"orthographic":true}