{"cameraMode":{"drawMode":0,"name":"Shaded","section":"Shading Mode"},"sceneLighting":true,"audioPlay":false,"sceneViewState":{"showFog":true,"showMaterialUpdate":false,"showSkybox":true,"showFlares":true,"showImageEffects":true,"showParticleSystems":true},"in2DMode":false,"pivot":{"x":-0.8973135948181152,"y":-0.6505848169326782,"z":3.3749337196350099},"rotation":{"x":0.1886650174856186,"y":-0.3567633330821991,"z":0.07380860298871994,"w":0.9119699001312256},"size":3.1043026447296144,"orthographic":false}