{"cameraMode":{"drawMode":0,"name":"Shaded","section":"Shading Mode"},"sceneLighting":false,"audioPlay":false,"sceneViewState":{"showFog":true,"showMaterialUpdate":false,"showSkybox":false,"showFlares":true,"showImageEffects":true,"showParticleSystems":true},"in2DMode":false,"pivot":{"x":0.07860982418060303,"y":-0.063443124294281,"z":-0.0290830135345459},"rotation":{"x":-0.08910030126571655,"y":0.904134213924408,"z":-0.23164324462413789,"w":-0.34777021408081057},"size":0.8518362641334534,"orthographic":false}